{
  "particles": {
    "number": {
      "value": 15,
      "density": {
        "enable": true,
        "value_area": 700
      }
    },
    "color": {
      "value": "#cdcdcd"
    },
    "shape": {
      "type": "polygon",
      "stroke": {
        "width": 0,
        "color": "#000"
      },
      "polygon": {
        "nb_sides": 6
      },
      "image": {
        "src": "img/github.svg",
        "width": 100,
        "height": 100
      }
    },
    "opacity": {
      "value": 0.3,
      "random": true,
      "anim": {
        "enable": false,
        "speed": 1,
        "opacity_min": 0.1,
        "sync": false
      }
    },
    "size": {
      "value": 132.28149502140562,
      "random": true,
      "anim": {
        "enable": true,
        "speed": 10,
        "size_min": 40,
        "sync": false
      }
    },
    "line_linked": {
      "enable": false,
      "distance": 336.7165327817598,
      "color": "#e35d5d",
      "opacity": 1,
      "width": 0
    },
    "move": {
      "enable": true,
      "speed": 5,
      "direction": "none",
      "random": true,
      "straight": false,
      "out_mode": "out",
      "bounce": false,
      "attract": {
        "enable": false,
        "rotateX": 1763.753266952075,
        "rotateY": 1603.4120608655228
      }
    }
  },
  "interactivity": {
    "detect_on": "canvas",
    "events": {
      "onhover": {
        "enable": true,
        "mode": "repulse"
      },
      "onclick": {
        "enable": true,
        "mode": "repulse"
      },
      "resize": true
    },
    "modes": {
      "grab": {
        "distance": 400,
        "line_linked": {
          "opacity": 1
        }
      },
      "bubble": {
        "distance": 400,
        "size": 40,
        "duration": 2,
        "opacity": 8,
        "speed": 3
      },
      "repulse": {
        "distance": 200,
        "duration": 0.4
      },
      "push": {
        "particles_nb": 4
      },
      "remove": {
        "particles_nb": 2
      }
    }
  },
  "retina_detect": true
}